path,prediction
small_model_track_test/SM_test_0001/,35
small_model_track_test/SM_test_0002/,13
small_model_track_test/SM_test_0003/,7
small_model_track_test/SM_test_0004/,29
small_model_track_test/SM_test_0005/,7
small_model_track_test/SM_test_0006/,9
small_model_track_test/SM_test_0007/,26
small_model_track_test/SM_test_0008/,30
small_model_track_test/SM_test_0009/,6
small_model_track_test/SM_test_0010/,8
small_model_track_test/SM_test_0011/,21
small_model_track_test/SM_test_0012/,7
small_model_track_test/SM_test_0013/,32
small_model_track_test/SM_test_0014/,9
small_model_track_test/SM_test_0015/,8
small_model_track_test/SM_test_0016/,20
small_model_track_test/SM_test_0017/,38
small_model_track_test/SM_test_0018/,9
small_model_track_test/SM_test_0019/,2
small_model_track_test/SM_test_0020/,21
small_model_track_test/SM_test_0021/,36
small_model_track_test/SM_test_0022/,2
small_model_track_test/SM_test_0023/,8
small_model_track_test/SM_test_0024/,21
small_model_track_test/SM_test_0025/,21
small_model_track_test/SM_test_0026/,20
small_model_track_test/SM_test_0027/,20
small_model_track_test/SM_test_0028/,38
small_model_track_test/SM_test_0029/,7
small_model_track_test/SM_test_0030/,28
small_model_track_test/SM_test_0031/,34
small_model_track_test/SM_test_0032/,11
small_model_track_test/SM_test_0033/,20
small_model_track_test/SM_test_0034/,12
small_model_track_test/SM_test_0035/,29
small_model_track_test/SM_test_0036/,2
small_model_track_test/SM_test_0037/,36
small_model_track_test/SM_test_0038/,8
small_model_track_test/SM_test_0039/,4
small_model_track_test/SM_test_0040/,34
small_model_track_test/SM_test_0041/,20
small_model_track_test/SM_test_0042/,3
small_model_track_test/SM_test_0043/,27
small_model_track_test/SM_test_0044/,12
small_model_track_test/SM_test_0045/,36
small_model_track_test/SM_test_0046/,39
small_model_track_test/SM_test_0047/,34
small_model_track_test/SM_test_0048/,2
small_model_track_test/SM_test_0049/,10
small_model_track_test/SM_test_0050/,29
small_model_track_test/SM_test_0051/,23
small_model_track_test/SM_test_0052/,36
small_model_track_test/SM_test_0053/,38
small_model_track_test/SM_test_0054/,12
small_model_track_test/SM_test_0055/,34
small_model_track_test/SM_test_0056/,17
small_model_track_test/SM_test_0057/,27
small_model_track_test/SM_test_0058/,20
small_model_track_test/SM_test_0059/,38
small_model_track_test/SM_test_0060/,36
small_model_track_test/SM_test_0061/,30
small_model_track_test/SM_test_0062/,10
small_model_track_test/SM_test_0063/,21
small_model_track_test/SM_test_0064/,9
small_model_track_test/SM_test_0065/,29
small_model_track_test/SM_test_0066/,8
small_model_track_test/SM_test_0067/,36
small_model_track_test/SM_test_0068/,33
small_model_track_test/SM_test_0069/,32
small_model_track_test/SM_test_0070/,34
small_model_track_test/SM_test_0071/,5
small_model_track_test/SM_test_0072/,39
small_model_track_test/SM_test_0073/,15
small_model_track_test/SM_test_0074/,11
small_model_track_test/SM_test_0075/,6
small_model_track_test/SM_test_0076/,36
small_model_track_test/SM_test_0077/,9
small_model_track_test/SM_test_0078/,9
small_model_track_test/SM_test_0079/,0
small_model_track_test/SM_test_0080/,8
small_model_track_test/SM_test_0081/,31
small_model_track_test/SM_test_0082/,4
small_model_track_test/SM_test_0083/,4
small_model_track_test/SM_test_0084/,37
small_model_track_test/SM_test_0085/,10
small_model_track_test/SM_test_0086/,21
small_model_track_test/SM_test_0087/,12
small_model_track_test/SM_test_0088/,11
small_model_track_test/SM_test_0089/,20
small_model_track_test/SM_test_0090/,2
small_model_track_test/SM_test_0091/,11
small_model_track_test/SM_test_0092/,20
small_model_track_test/SM_test_0093/,27
small_model_track_test/SM_test_0094/,20
small_model_track_test/SM_test_0095/,1
small_model_track_test/SM_test_0096/,26
small_model_track_test/SM_test_0097/,2
small_model_track_test/SM_test_0098/,7
small_model_track_test/SM_test_0099/,11
small_model_track_test/SM_test_0100/,19
small_model_track_test/SM_test_0101/,11
small_model_track_test/SM_test_0102/,17
small_model_track_test/SM_test_0103/,30
small_model_track_test/SM_test_0104/,36
small_model_track_test/SM_test_0105/,20
small_model_track_test/SM_test_0106/,32
small_model_track_test/SM_test_0107/,35
small_model_track_test/SM_test_0108/,21
small_model_track_test/SM_test_0109/,11
small_model_track_test/SM_test_0110/,27
small_model_track_test/SM_test_0111/,8
small_model_track_test/SM_test_0112/,36
small_model_track_test/SM_test_0113/,23
small_model_track_test/SM_test_0114/,32
small_model_track_test/SM_test_0115/,7
small_model_track_test/SM_test_0116/,21
small_model_track_test/SM_test_0117/,8
small_model_track_test/SM_test_0118/,6
small_model_track_test/SM_test_0119/,8
small_model_track_test/SM_test_0120/,10
small_model_track_test/SM_test_0121/,10
small_model_track_test/SM_test_0122/,4
small_model_track_test/SM_test_0123/,36
small_model_track_test/SM_test_0124/,36
small_model_track_test/SM_test_0125/,18
small_model_track_test/SM_test_0126/,23
small_model_track_test/SM_test_0127/,17
small_model_track_test/SM_test_0128/,22
small_model_track_test/SM_test_0129/,10
small_model_track_test/SM_test_0130/,6
small_model_track_test/SM_test_0131/,29
small_model_track_test/SM_test_0132/,34
small_model_track_test/SM_test_0133/,8
small_model_track_test/SM_test_0134/,19
small_model_track_test/SM_test_0135/,15
small_model_track_test/SM_test_0136/,29
small_model_track_test/SM_test_0137/,11
small_model_track_test/SM_test_0138/,11
small_model_track_test/SM_test_0139/,36
small_model_track_test/SM_test_0140/,32
small_model_track_test/SM_test_0141/,27
small_model_track_test/SM_test_0142/,31
small_model_track_test/SM_test_0143/,4
small_model_track_test/SM_test_0144/,19
small_model_track_test/SM_test_0145/,34
small_model_track_test/SM_test_0146/,36
small_model_track_test/SM_test_0147/,13
small_model_track_test/SM_test_0148/,39
small_model_track_test/SM_test_0149/,17
small_model_track_test/SM_test_0150/,4
small_model_track_test/SM_test_0151/,6
small_model_track_test/SM_test_0152/,36
small_model_track_test/SM_test_0153/,4
small_model_track_test/SM_test_0154/,38
small_model_track_test/SM_test_0155/,37
small_model_track_test/SM_test_0156/,24
small_model_track_test/SM_test_0157/,34
small_model_track_test/SM_test_0158/,7
small_model_track_test/SM_test_0159/,34
small_model_track_test/SM_test_0160/,22
small_model_track_test/SM_test_0161/,19
small_model_track_test/SM_test_0162/,20
small_model_track_test/SM_test_0163/,4
small_model_track_test/SM_test_0164/,12
small_model_track_test/SM_test_0165/,11
small_model_track_test/SM_test_0166/,14
small_model_track_test/SM_test_0167/,32
small_model_track_test/SM_test_0168/,36
small_model_track_test/SM_test_0169/,7
small_model_track_test/SM_test_0170/,36
small_model_track_test/SM_test_0171/,14
small_model_track_test/SM_test_0172/,8
small_model_track_test/SM_test_0173/,11
small_model_track_test/SM_test_0174/,18
small_model_track_test/SM_test_0175/,26
small_model_track_test/SM_test_0176/,2
small_model_track_test/SM_test_0177/,27
small_model_track_test/SM_test_0178/,36
small_model_track_test/SM_test_0179/,11
small_model_track_test/SM_test_0180/,33
small_model_track_test/SM_test_0181/,37
small_model_track_test/SM_test_0182/,8
small_model_track_test/SM_test_0183/,10
small_model_track_test/SM_test_0184/,31
small_model_track_test/SM_test_0185/,36
small_model_track_test/SM_test_0186/,0
small_model_track_test/SM_test_0187/,15
small_model_track_test/SM_test_0188/,33
small_model_track_test/SM_test_0189/,32
small_model_track_test/SM_test_0190/,20
small_model_track_test/SM_test_0191/,36
small_model_track_test/SM_test_0192/,12
small_model_track_test/SM_test_0193/,7
small_model_track_test/SM_test_0194/,9
small_model_track_test/SM_test_0195/,36
small_model_track_test/SM_test_0196/,17
small_model_track_test/SM_test_0197/,27
small_model_track_test/SM_test_0198/,11
small_model_track_test/SM_test_0199/,17
small_model_track_test/SM_test_0200/,32
small_model_track_test/SM_test_0201/,21
small_model_track_test/SM_test_0202/,32
small_model_track_test/SM_test_0203/,4
small_model_track_test/SM_test_0204/,21
small_model_track_test/SM_test_0205/,1
small_model_track_test/SM_test_0206/,8
small_model_track_test/SM_test_0207/,32
small_model_track_test/SM_test_0208/,9
small_model_track_test/SM_test_0209/,39
small_model_track_test/SM_test_0210/,38
small_model_track_test/SM_test_0211/,21
small_model_track_test/SM_test_0212/,31
small_model_track_test/SM_test_0213/,30
small_model_track_test/SM_test_0214/,20
small_model_track_test/SM_test_0215/,30
small_model_track_test/SM_test_0216/,21
small_model_track_test/SM_test_0217/,26
small_model_track_test/SM_test_0218/,21
small_model_track_test/SM_test_0219/,27
small_model_track_test/SM_test_0220/,12
small_model_track_test/SM_test_0221/,35
small_model_track_test/SM_test_0222/,9
small_model_track_test/SM_test_0223/,36
small_model_track_test/SM_test_0224/,20
small_model_track_test/SM_test_0225/,8
small_model_track_test/SM_test_0226/,8
small_model_track_test/SM_test_0227/,22
small_model_track_test/SM_test_0228/,9
small_model_track_test/SM_test_0229/,7
small_model_track_test/SM_test_0230/,10
small_model_track_test/SM_test_0231/,12
small_model_track_test/SM_test_0232/,9
small_model_track_test/SM_test_0233/,3
small_model_track_test/SM_test_0234/,21
small_model_track_test/SM_test_0235/,20
small_model_track_test/SM_test_0236/,17
small_model_track_test/SM_test_0237/,36
small_model_track_test/SM_test_0238/,34
small_model_track_test/SM_test_0239/,38
small_model_track_test/SM_test_0240/,8
small_model_track_test/SM_test_0241/,1
small_model_track_test/SM_test_0242/,15
small_model_track_test/SM_test_0243/,1
small_model_track_test/SM_test_0244/,32
small_model_track_test/SM_test_0245/,32
small_model_track_test/SM_test_0246/,21
small_model_track_test/SM_test_0247/,11
small_model_track_test/SM_test_0248/,39
small_model_track_test/SM_test_0249/,15
small_model_track_test/SM_test_0250/,32
small_model_track_test/SM_test_0251/,4
small_model_track_test/SM_test_0252/,11
small_model_track_test/SM_test_0253/,37
small_model_track_test/SM_test_0254/,15
small_model_track_test/SM_test_0255/,13
small_model_track_test/SM_test_0256/,36
small_model_track_test/SM_test_0257/,24
small_model_track_test/SM_test_0258/,26
small_model_track_test/SM_test_0259/,36
small_model_track_test/SM_test_0260/,2
small_model_track_test/SM_test_0261/,29
small_model_track_test/SM_test_0262/,30
small_model_track_test/SM_test_0263/,27
small_model_track_test/SM_test_0264/,7
small_model_track_test/SM_test_0265/,24
small_model_track_test/SM_test_0266/,17
small_model_track_test/SM_test_0267/,21
small_model_track_test/SM_test_0268/,36
small_model_track_test/SM_test_0269/,10
small_model_track_test/SM_test_0270/,36
small_model_track_test/SM_test_0271/,29
small_model_track_test/SM_test_0272/,37
small_model_track_test/SM_test_0273/,11
small_model_track_test/SM_test_0274/,10
small_model_track_test/SM_test_0275/,36
small_model_track_test/SM_test_0276/,6
small_model_track_test/SM_test_0277/,37
small_model_track_test/SM_test_0278/,7
small_model_track_test/SM_test_0279/,26
small_model_track_test/SM_test_0280/,24
small_model_track_test/SM_test_0281/,36
small_model_track_test/SM_test_0282/,13
small_model_track_test/SM_test_0283/,31
small_model_track_test/SM_test_0284/,15
small_model_track_test/SM_test_0285/,36
small_model_track_test/SM_test_0286/,34
small_model_track_test/SM_test_0287/,11
small_model_track_test/SM_test_0288/,36
small_model_track_test/SM_test_0289/,0
small_model_track_test/SM_test_0290/,1
small_model_track_test/SM_test_0291/,36
small_model_track_test/SM_test_0292/,13
small_model_track_test/SM_test_0293/,36
small_model_track_test/SM_test_0294/,20
small_model_track_test/SM_test_0295/,36
small_model_track_test/SM_test_0296/,29
small_model_track_test/SM_test_0297/,17
small_model_track_test/SM_test_0298/,38
small_model_track_test/SM_test_0299/,38
small_model_track_test/SM_test_0300/,17
small_model_track_test/SM_test_0301/,1
small_model_track_test/SM_test_0302/,0
small_model_track_test/SM_test_0303/,28
small_model_track_test/SM_test_0304/,34
small_model_track_test/SM_test_0305/,32
small_model_track_test/SM_test_0306/,1
small_model_track_test/SM_test_0307/,39
small_model_track_test/SM_test_0308/,13
small_model_track_test/SM_test_0309/,36
small_model_track_test/SM_test_0310/,29
small_model_track_test/SM_test_0311/,12
small_model_track_test/SM_test_0312/,7
small_model_track_test/SM_test_0313/,20
small_model_track_test/SM_test_0314/,9
small_model_track_test/SM_test_0315/,9
small_model_track_test/SM_test_0316/,0
small_model_track_test/SM_test_0317/,34
small_model_track_test/SM_test_0318/,11
small_model_track_test/SM_test_0319/,0
small_model_track_test/SM_test_0320/,23
small_model_track_test/SM_test_0321/,17
small_model_track_test/SM_test_0322/,7
small_model_track_test/SM_test_0323/,5
small_model_track_test/SM_test_0324/,32
small_model_track_test/SM_test_0325/,21
small_model_track_test/SM_test_0326/,12
small_model_track_test/SM_test_0327/,1
small_model_track_test/SM_test_0328/,17
small_model_track_test/SM_test_0329/,32
small_model_track_test/SM_test_0330/,17
small_model_track_test/SM_test_0331/,38
small_model_track_test/SM_test_0332/,23
small_model_track_test/SM_test_0333/,26
small_model_track_test/SM_test_0334/,22
small_model_track_test/SM_test_0335/,21
small_model_track_test/SM_test_0336/,1
small_model_track_test/SM_test_0337/,7
small_model_track_test/SM_test_0338/,21
small_model_track_test/SM_test_0339/,36
small_model_track_test/SM_test_0340/,7
small_model_track_test/SM_test_0341/,11
small_model_track_test/SM_test_0342/,26
small_model_track_test/SM_test_0343/,14
small_model_track_test/SM_test_0344/,19
small_model_track_test/SM_test_0345/,9
small_model_track_test/SM_test_0346/,5
small_model_track_test/SM_test_0347/,7
small_model_track_test/SM_test_0348/,34
small_model_track_test/SM_test_0349/,13
small_model_track_test/SM_test_0350/,17
small_model_track_test/SM_test_0351/,21
small_model_track_test/SM_test_0352/,34
small_model_track_test/SM_test_0353/,36
small_model_track_test/SM_test_0354/,29
small_model_track_test/SM_test_0355/,5
small_model_track_test/SM_test_0356/,10
small_model_track_test/SM_test_0357/,36
small_model_track_test/SM_test_0358/,11
small_model_track_test/SM_test_0359/,0
small_model_track_test/SM_test_0360/,39
small_model_track_test/SM_test_0361/,6
small_model_track_test/SM_test_0362/,31
small_model_track_test/SM_test_0363/,6
small_model_track_test/SM_test_0364/,12
small_model_track_test/SM_test_0365/,35
small_model_track_test/SM_test_0366/,34
small_model_track_test/SM_test_0367/,36
small_model_track_test/SM_test_0368/,21
small_model_track_test/SM_test_0369/,7
small_model_track_test/SM_test_0370/,17
small_model_track_test/SM_test_0371/,36
small_model_track_test/SM_test_0372/,17
small_model_track_test/SM_test_0373/,22
small_model_track_test/SM_test_0374/,11
small_model_track_test/SM_test_0375/,7
small_model_track_test/SM_test_0376/,10
small_model_track_test/SM_test_0377/,37
small_model_track_test/SM_test_0378/,6
small_model_track_test/SM_test_0379/,36
small_model_track_test/SM_test_0380/,36
small_model_track_test/SM_test_0381/,14
small_model_track_test/SM_test_0382/,21
small_model_track_test/SM_test_0383/,8
small_model_track_test/SM_test_0384/,11
small_model_track_test/SM_test_0385/,9
small_model_track_test/SM_test_0386/,3
small_model_track_test/SM_test_0387/,39
small_model_track_test/SM_test_0388/,34
small_model_track_test/SM_test_0389/,36
small_model_track_test/SM_test_0390/,10
small_model_track_test/SM_test_0391/,12
small_model_track_test/SM_test_0392/,38
small_model_track_test/SM_test_0393/,36
small_model_track_test/SM_test_0394/,10
small_model_track_test/SM_test_0395/,9
small_model_track_test/SM_test_0396/,36
small_model_track_test/SM_test_0397/,9
small_model_track_test/SM_test_0398/,36
small_model_track_test/SM_test_0399/,29
small_model_track_test/SM_test_0400/,22
small_model_track_test/SM_test_0401/,35
small_model_track_test/SM_test_0402/,7
small_model_track_test/SM_test_0403/,33
small_model_track_test/SM_test_0404/,8
small_model_track_test/SM_test_0405/,36
